,Company Name,Price,High,Low,Pct Increase
1,3M India Ltd.,21266.7,25208.70,15685.6,35.581042484826845
2,Aarti Industries Ltd.,1105.0,1229.10,662.05,66.90582282304963
3,AAVAS Financiers Ltd.,1500.0,2078.30,845.75,77.35737511084835
4,Aditya Birla Capital Ltd.,83.8,115.30,37.45,123.76502002670225
5,ABB India Ltd.,1081.35,1534.90,722.45,49.678178420651925
6,Abbott India Ltd.,15315.0,18569.00,12218.1,25.346821518894096
7,ACC Ltd.,1702.2,1723.45,895.5,90.08375209380235
8,Adani Enterprises Ltd.,390.7,404.75,116.25,236.08602150537635
9,Adani Ports and Special Economic Zone Ltd.,390.55,405.00,203.4,92.01081612586037
10,Adani Power Ltd.,38.9,66.60,24.3,60.08230452674896
11,Adani Transmission Ltd.,388.6,407.70,147.5,163.4576271186441
12,Aditya Birla Fashion & Retail Ltd.,158.15,285.30,97.05,62.95723853683669
13,Advanced Enzyme Technologies Ltd.,331.4,384.75,91.05,263.9758374519495
14,Aegis Logistics Ltd.,224.0,266.95,108.1,107.21554116558742
15,Arvind Fashions Ltd.,139.25,400.95,110.55,25.961103573043875
16,Adani Gas Ltd.,340.6,348.00,76.7,344.0677966101695
17,AIA Engineering Ltd.,1788.75,1985.05,1111.0,61.003600360036
18,Ajanta Pharma Ltd.,1561.7,1759.35,943.0,65.60975609756098
19,Akzo Nobel India Ltd.,2038.0,2515.00,1730.0,17.803468208092486
20,Alembic Pharmaceuticals Ltd.,968.85,1128.00,436.1,122.16234808530153
21,Alkem Laboratories Ltd.,2688.35,3089.55,1950.0,37.86410256410256
22,Alkyl Amines Chemicals Ltd.,3304.55,3600.00,853.4,287.22170142957583
23,Allcargo Logistics Ltd.,125.55,139.90,51.5,143.78640776699027
24,Alok Industries Ltd.,22.9,61.40,2.33,882.8326180257511
25,Amara Raja Batteries Ltd.,841.45,846.00,350.25,140.24268379728767
26,Amber Enterprises India Ltd.,2252.55,2544.95,921.6,144.41731770833337
27,Ambuja Cements Ltd.,261.6,271.95,136.65,91.43798024149288
28,APL Apollo Tubes Ltd.,3305.9,3375.00,1025.0,222.52682926829272
29,Apollo Hospitals Enterprises Ltd.,2294.35,2341.15,1047.45,119.04148169363691
30,Apollo Tyres Ltd.,173.4,182.30,73.55,135.75798776342626
31,Ashok Leyland Ltd.,95.5,96.00,33.7,183.3827893175074
32,Ashoka Buildcon Ltd.,70.85,121.60,37.0,91.48648648648647
33,Asian Paints Ltd.,2204.5,2249.60,1431.85,53.961657994901714
34,Aster DM Healthcare Ltd Ltd.,171.65,180.50,78.5,118.6624203821656
35,Astral Poly Technik Ltd.,1473.45,1594.15,747.6,97.09069020866774
36,AstraZeneca Pharma Ltd.,4350.35,4970.00,1888.0,130.42108050847457
37,Atul Ltd.,6460.0,7021.25,3256.6,98.36639439906651
38,AU Small Finance Bank Ltd.,906.8,1217.70,366.2,147.6242490442381
39,Aurobindo Pharma Ltd.,837.0,967.60,281.15,197.70585096923352
40,Avanti Feeds Ltd.,494.9,769.90,250.0,97.96
41,Avenue Supermarts Ltd.,2366.65,2559.00,1701.0,39.132863021751916
42,Axis Bank Ltd.,636.4,765.90,285.0,123.29824561403508
43,Bajaj Auto Ltd.,3025.6,3315.00,1793.1,68.7357091071329
44,Bajaj Consumer Care Ltd.,180.15,252.50,117.5,53.319148936170215
45,Bajaj Electricals Ltd.,570.0,573.50,260.0,119.23076923076923
46,Bajaj Finance Ltd.,4636.4,4923.20,1783.1,160.01906791542817
47,Bajaj Finserv Ltd.,7625.55,10297.00,3985.6,91.3275291047772
48,Bajaj Holdings & Investment Ltd.,2748.5,3949.35,1471.85,86.73777898563034
49,Balkrishna Industries Ltd.,1642.5,1664.00,677.6,142.39964580873672
50,Balmer Lawrie and Company Ltd.,100.4,136.00,69.85,43.73657838224769
51,Balrampur Chini Mills Ltd.,153.1,195.00,68.8,122.52906976744187
52,Bandhan Bank Ltd.,355.2,596.80,152.35,133.14735805710535
53,Bank Of Baroda,49.1,108.25,36.05,36.19972260748961
54,Bank Of India,41.6,79.80,30.45,36.61740558292283
55,Bank of Maharashtra,11.34,15.34,7.71,47.081712062256805
56,BASF India Ltd.,1498.5,1870.00,795.0,88.49056603773585
57,Bata India Ltd.,1386.9,1897.00,1017.2,36.34486826582777
58,Bayer CropScience Ltd.,5053.4,6550.00,2980.8,69.5316693505099
59,BEML Ltd.,635.5,1080.00,369.6,71.94264069264068
60,Berger Paints India Ltd.,649.85,675.45,390.0,66.62820512820514
61,Bharat Dynamics Ltd.,307.0,481.25,147.0,108.843537414966
62,Bharat Electronics Ltd.,98.1,118.45,56.1,74.8663101604278
63,Bharat Forge Ltd.,499.5,539.45,207.85,140.31753668510945
64,Bharti Airtel Ltd.,473.35,611.70,381.05,24.22254297336308
65,Bharti Infratel Ltd.,189.4,295.75,121.25,56.206185567010316
66,Bharat Heavy Electricals Ltd.,28.3,57.10,19.2,47.39583333333334
67,Biocon Ltd.,423.2,477.90,235.8,79.47413061916878
68,Birla Corporation Ltd.,760.8,807.60,372.5,104.24161073825502
69,Birlasoft Ltd.,185.25,210.55,47.6,289.18067226890753
70,Bliss GVS Pharma Ltd.,164.95,181.25,82.5,99.93939393939392
71,Blue Dart Express Ltd.,4141.4,4292.00,1860.0,122.6559139784946
72,Blue Star Ltd.,713.0,887.00,425.0,67.76470588235294
73,Bombay Burmah Trading Corporation Ltd.,1310.65,1566.80,538.0,143.61524163568774
74,Bombay Dyeing and Manufacturing Company Ltd.,68.65,101.75,36.2,89.64088397790056
75,Bosch Ltd.,11375.0,17136.60,7874.0,44.462788925577854
76,Bharat Petroleum Corporation Ltd.,380.1,549.70,252.0,50.83333333333334
77,Brigade Enterprises Ltd.,221.3,255.00,90.7,143.9911797133407
78,Britannia Industries Ltd.,3490.9,4015.00,2100.55,66.18980743138701
79,Cadila Healthcare Ltd.,427.0,451.15,212.7,100.75223319228964
80,Can Fin Homes Ltd.,479.8,519.00,253.55,89.2328929205285
81,Canara Bank,93.6,234.30,73.85,26.743398781313477
82,Caplin Point Laboratories Ltd.,465.45,686.00,180.0,158.58333333333331
83,Capri Global Capital Ltd.,254.45,270.00,115.0,121.26086956521738
84,Carborundum Universal Ltd.,321.0,361.40,175.0,83.42857142857143
85,CARE Ratings Ltd.,446.4,726.60,236.45,88.79255656587016
86,Castrol India Ltd.,116.85,162.05,89.65,30.340211935303945
87,CCL Products India Ltd.,256.4,293.80,137.25,86.81238615664843
88,Ceat Ltd.,1134.95,1249.00,601.5,88.68661679135495
89,Central Bank of India,11.71,23.90,10.04,16.633466135458185
90,Century Textiles and Industries Ltd.,331.0,657.00,220.1,50.38618809631986
91,Century Plyboards Ltd.,199.0,210.00,95.0,109.47368421052633
92,Cera Sanitaryware Ltd.,3044.7,3150.00,2000.75,52.17793327502186
93,CESC Ltd.,583.0,783.90,366.2,59.20262151829602
94,Crompton Greaves Consumer Electrical Ltd.,294.8,328.45,177.9,65.71107363687464
95,Chalet Hotels Ltd.,155.25,395.00,99.0,56.81818181818182
96,Chambal Fertilisers and Chemicals Ltd.,185.3,190.00,95.25,94.54068241469817
97,Chennai Petroleum Corporation Ltd.,80.95,168.80,47.7,69.70649895178197
98,Cholamandalam Financial Holdings Ltd.,462.0,568.20,222.0,108.10810810810811
99,Cholamandalam Investment and Finance Company Ltd.,339.0,348.85,117.4,188.75638841567292
100,Cipla Ltd.,735.95,829.00,356.75,106.29292221443589
101,City Union Bank Ltd.,192.6,249.00,110.1,74.93188010899183
102,Coal India Ltd.,127.7,214.50,109.5,16.621004566210047
103,Cochin Shipyard Ltd.,339.0,491.15,209.0,62.20095693779905
104,COFORGE LIMITED Ltd.,2293.0,2813.05,739.05,210.2631756985319
105,Colgate Palmolive (India) Ltd.,1518.45,1589.50,1065.2,42.55069470521968
106,Container Corporation of India Ltd.,405.55,605.00,263.2,54.08434650455928
107,Coromandel International Ltd.,775.8,838.00,444.2,74.65105808194507
108,CreditAccess Grameen Ltd.,736.0,1000.80,305.75,140.71954210956662
109,CRISIL Ltd.,2038.45,2125.00,1083.5,88.13567143516381
110,Cummins India Ltd.,490.25,652.80,281.6,74.09446022727272
111,Cyient Ltd.,432.0,514.00,184.15,134.5913657344556
112,Dabur India Ltd.,507.75,535.85,385.05,31.865991429684453
113,Dalmia Bharat Ltd.,970.2,994.50,406.0,138.9655172413793
114,DB Corp Ltd.,76.75,150.50,59.0,30.08474576271186
115,DCB Bank Ltd.,92.0,204.55,58.1,58.34767641996558
116,DCM Shriram Ltd.,340.15,431.10,175.8,93.48691695108074
117,Deepak Fertilizers and Petrochemicals Coprn Ltd.,142.05,182.01,53.79,164.08254322364755
118,Deepak Nitrite Ltd.,804.0,888.00,310.0,159.3548387096774
119,Delta Corp Ltd.,131.0,224.75,54.0,142.59259259259258
120,Dhanuka Agritech Ltd.,702.35,935.00,261.0,169.09961685823757
121,Dilip Buildcon Ltd.,360.15,441.50,193.4,86.22026887280246
122,Dish TV India Ltd.,10.42,19.38,3.93,165.13994910941477
123,Dishman Carbogen Amcis Ltd.,143.6,216.65,46.45,209.1496232508073
124,Divis Laboratories Ltd.,3446.4,3484.70,1632.7,111.08593127947573
125,Dixon Technologies Ltd.,10245.95,10790.00,2899.95,253.3147123226263
126,DLF Ltd.,188.1,266.65,114.5,64.27947598253274
127,Dr Lal PathLabs Ltd.,2152.95,2395.00,1181.8,82.1754950076155
128,Dr Reddys Laboratories Ltd.,4707.35,5514.65,2497.6,88.47493593850099
129,eClerx Services Ltd.,709.25,814.65,323.15,119.48011759244935
130,Edelweiss Financial Services Ltd.,59.6,133.75,29.9,99.33110367892978
131,Eicher Motors Ltd.,2565.1,2587.45,1246.0,105.86677367576243
132,EID Parry (India) Ltd.,307.75,325.40,100.0,207.75
133,EIH Ltd.,87.0,158.54,53.65,62.16216216216217
134,Emami Ltd.,382.1,407.00,140.85,171.28150514731988
135,Endurance Technologies Ltd.,1041.1,1201.90,562.0,85.24911032028469
136,Engineers India Ltd.,70.55,106.40,49.85,41.524573721163485
137,EPL Ltd.,263.1,318.75,130.05,102.30680507497117
138,Equitas Holdings Ltd.,51.0,120.50,32.75,55.72519083969466
139,Esab India Ltd.,1382.95,1727.00,870.0,58.959770114942536
140,Escorts Ltd.,1410.85,1438.05,527.1,167.66268260292162
141,Exide Industries Ltd.,170.0,208.10,121.9,39.4585726004922
142,FDC Ltd.,329.2,378.00,165.65,98.73226682764864
143,Federal Bank Ltd.,59.65,96.95,35.7,67.08683473389354
144,Fine Organics Industries Ltd.,2594.4,3258.25,1500.0,72.96000000000001
145,Finolex Cables Ltd.,280.15,429.90,165.0,69.78787878787878
146,Finolex Industries Ltd.,609.0,640.10,283.0,115.19434628975264
147,Firstsource Solutions Ltd.,76.35,78.35,20.65,269.73365617433416
148,Force Motors Ltd.,1155.25,1502.00,580.0,99.18103448275862
149,Fortis Healthcare Ltd.,139.95,169.00,113.2,23.63074204946995
150,Future Consumer Ltd.,7.25,29.10,5.44,33.272058823529406
151,Future Retail Ltd.,67.95,387.90,61.05,11.302211302211312
152,GAIL India Ltd.,93.95,133.30,65.7,42.99847792998478
153,Galaxy Surfactants Ltd.,1994.4,2035.85,975.0,104.55384615384615
154,Garden Reach Shipbuilders & Engineers Ltd.,189.25,243.20,105.3,79.72459639126306
155,Garware Technical Fibres Ltd.,2113.15,2249.95,872.5,142.1948424068768
156,Gateway Distriparks Ltd.,103.55,137.60,71.01,45.82453175609068
157,GE Power India Ltd.,288.75,820.90,177.35,62.813645334085145
158,Great Eastern Shipping Company Ltd.,246.9,369.35,168.95,46.13791062444512
159,General Insurance Corporation of India Ltd.,126.0,279.55,81.7,54.22276621787026
160,Gillette India Ltd.,5913.5,7150.00,4420.0,33.789592760180994
161,GlaxoSmithKline Pharmaceuticals Ltd.,1424.4,1805.00,1046.4,36.12385321100917
162,Glenmark Pharma Ltd.,483.5,572.70,168.0,187.79761904761904
163,GMM Pfaudler Ltd.,3701.6,6913.85,1603.0,130.91703056768557
164,GMR Infrastructure Ltd.,25.3,28.25,14.1,79.43262411347519
165,Gujarat Narmada Valley Fertilizers & Chemicals Ltd.,193.8,232.30,95.7,102.50783699059562
166,Godfrey Phillips India Ltd.,883.2,1480.40,732.4,20.589841616602957
167,Godrej Agrovet Ltd.,507.0,597.95,265.05,91.28466327108093
168,Godrej Consumer Products Ltd.,682.05,771.75,425.1,60.444601270289326
169,Godrej Industries Ltd.,403.15,478.20,234.0,72.28632478632477
170,Godrej Properties Ltd.,1048.9,1188.00,505.95,107.31297559047337
171,Granules India Ltd.,391.35,406.90,114.5,241.79039301310047
172,Graphite India Ltd.,184.85,337.30,103.0,79.46601941747572
173,Grasim Industries Ltd.,841.95,853.00,380.0,121.56578947368422
174,Greaves Cotton Ltd.,75.1,147.10,66.0,13.78787878787878
175,Grindwell Norton Ltd.,562.15,699.00,369.2,52.26164680390032
176,Gujarat State Fertilizers & Chemicals Ltd.,64.4,97.70,29.9,115.38461538461542
177,Gujarat Alkalies and Chemicals Ltd.,322.95,450.55,165.0,95.72727272727272
178,Gujarat Heavy Chemicals Ltd.,167.0,217.70,68.8,142.7325581395349
179,Gujarat Mineral Development Corporation Ltd.,46.3,72.40,29.5,56.94915254237287
180,Gujarat State Petronet Ltd.,191.2,263.45,146.0,30.958904109589035
181,Gujarat Fluorochemicals Ltd.,517.45,698.00,219.0,136.2785388127854
182,Gujarat Gas Ltd.,327.2,334.65,189.2,72.93868921775899
183,Gujarat Pipavav Port Ltd.,91.1,99.30,45.5,100.21978021978019
184,Gulf Oil Lubricants India Ltd.,728.0,881.05,450.0,61.77777777777778
185,Hathway Cable and Datacom Ltd.,31.35,57.45,10.7,192.9906542056075
186,Havells India Ltd.,836.85,849.60,447.2,87.13103756708409
187,Hawkins Cooker Ltd.,5066.0,5539.95,3111.0,62.841530054644814
188,HCL Technologies Ltd.,801.9,910.75,375.5,113.55525965379493
189,Housing Development Finance Corporation Ltd.,2359.4,2499.65,1473.1,60.165637091847145
190,HDFC Asset Management Company Ltd.,2467.25,3844.00,1963.6,25.649317579955188
191,HDFC Bank Ltd.,1416.8,1417.40,738.9,91.74448504533767
192,HDFC Life Insurance Company Ltd.,665.15,677.50,339.15,96.12265959015186
193,HEG Ltd.,715.4,1299.80,413.2,73.13649564375605
194,HeidelbergCement India Ltd.,202.95,217.80,120.0,69.12499999999999
195,Heritage Foods Ltd.,271.25,407.70,146.7,84.90115882753922
196,Hero Motocorp Ltd.,2960.45,3393.85,1475.0,100.70847457627117
197,HFCL Ltd.,19.4,20.00,8.15,138.0368098159509
198,Himadri Speciality Chemical Ltd.,44.1,74.85,27.3,61.53846153846154
199,Himatsingka Seide Ltd.,121.5,151.95,43.0,182.5581395348837
200,Hindustan Copper Ltd.,37.8,51.00,18.3,106.55737704918032
201,Hindustan Zinc Ltd.,228.1,258.80,122.0,86.96721311475409
202,Hindalco Industries Ltd.,218.1,221.20,85.05,156.43738977072312
203,Hindustan Aeronautics Ltd.,770.1,1423.55,448.0,71.89732142857143
204,Honeywell Automation Ltd.,32150.0,39499.50,20142.0,59.61672127891967
205,Hindustan Petroleum Corporation Ltd.,213.3,302.60,155.0,37.61290322580646
206,Housing & Urban Development Corporation Ltd.,33.35,45.20,18.05,84.7645429362881
207,Hindustan Unilever Ltd.,2135.0,2614.00,1756.0,21.583143507972665
208,ICICI Bank Ltd.,494.35,552.40,269.0,83.7732342007435
209,ICICI Lombard General Insurance Company Ltd.,1306.1,1439.90,805.6,62.12760675273087
210,ICICI Prudential Life Insurance Company Ltd.,450.35,533.75,221.95,102.9060599234062
211,ICICI Securities Ltd.,462.95,568.75,203.6,127.38212180746564
212,IDBI Bank,37.75,55.75,17.5,115.71428571428572
213,IDFC Ltd.,33.35,40.50,13.4,148.8805970149254
214,IDFC First Bank Ltd.,34.25,48.00,17.75,92.95774647887323
215,Indian Energy Exchange Ltd.,207.4,219.05,111.05,86.76271949572266
216,IFB Industries Ltd.,766.85,801.00,232.05,230.4675716440422
217,IFCI Ltd.,6.02,8.64,3.1,94.19354838709675
218,Indraprastha Gas Ltd.,448.15,534.40,284.55,57.494289228606554
219,IIFL Finance Ltd.,124.8,212.80,58.15,114.61736887360277
220,India Cements Ltd.,134.7,140.00,69.45,93.95248380129587
221,India Tourism Development Corporation Ltd.,255.0,419.30,104.95,142.97284421152932
222,Indiabulls Housing Finance Ltd.,179.8,376.80,81.25,121.2923076923077
223,Indiabulls Real Estate Ltd.,61.2,113.00,36.85,66.078697421981
224,Indiamart Intermesh Ltd.,4808.0,5485.00,1641.2,192.9563733853278
225,Indian Bank,64.85,134.55,41.7,55.515587529975996
226,Indian Hotels Company Ltd.,119.0,155.60,62.1,91.62640901771336
227,Indoco Remedies Ltd.,253.75,295.00,143.1,77.3235499650594
228,Indostar Capital Finance Ltd.,295.55,332.00,166.0,78.0421686746988
229,IndusInd Bank Ltd.,821.7,1596.35,235.6,248.76910016977928
230,Infibeam Avenues Ltd.,82.15,94.05,26.55,209.41619585687383
231,Info Edge India Ltd.,3951.55,3988.00,1580.0,150.0981012658228
232,Infosys Ltd.,1103.65,1185.00,511.1,115.93621600469577
233,INOX Leisure Ltd.,267.45,510.80,158.2,69.05815423514538
234,Interglobe Aviation Ltd.,1687.7,1691.40,765.05,120.5999607868767
235,Indian Overseas Bank,9.5,13.83,6.17,53.970826580226905
236,Indian Oil Corporation Ltd.,85.05,134.40,71.15,19.53619114546731
237,Ipca Laboratories Ltd.,2089.0,2455.55,1058.5,97.3547472838923
238,IRB Infrastructure Developers Ltd.,118.65,138.80,46.0,157.93478260869566
239,Ircon International Ltd.,82.65,119.76,58.2,42.01030927835052
240,IRCTC - Indian Railway Catering & Tourism Corp Ltd.,1366.0,1995.00,774.85,76.29218558430664
241,ITC Ltd.,184.8,252.65,134.95,36.93960726194889
242,ITI Ltd.,122.7,151.60,44.9,173.27394209354122
243,IIFL Wealth Management Ltd.,998.1,1658.55,710.0,40.5774647887324
244,J. K. Cement Ltd.,1909.95,2001.40,800.0,138.74375
245,Jagran Prakashan Ltd.,37.45,74.40,29.55,26.734348561759735
246,Jai Corp Ltd.,88.3,121.90,42.65,107.03399765533412
247,Jamna Auto Industries Ltd.,52.55,54.00,21.0,150.2380952380952
248,JB Chemicals and Pharmaceuticals Ltd.,946.35,1150.00,370.0,155.7702702702703
249,Jindal Stainless (Hisar) Ltd.,123.85,124.80,30.4,307.4013157894737
250,Jindal Saw Ltd.,66.3,102.70,40.0,65.75
251,Jindal Stainless Ltd.,63.0,64.00,22.3,182.51121076233184
252,Jindal Steel & Power Ltd.,225.0,238.40,62.1,262.3188405797101
253,Jammu and Kashmir Bank Ltd.,15.77,36.00,11.05,42.71493212669682
254,JK Lakshmi Cement Ltd.,348.8,389.35,179.8,93.9933259176863
255,JK Paper Ltd.,92.85,140.70,62.2,49.2765273311897
256,JK Tyre and Industries Ltd.,81.1,87.70,31.5,157.46031746031744
257,JM Financial Ltd.,81.5,126.00,55.5,46.846846846846844
258,Johnson Controls -Hitachi Air Conditioning India Ltd.,2166.0,3375.00,1660.0,30.481927710843376
259,JSW Energy Ltd.,61.15,79.00,34.75,75.97122302158273
260,JSW Steel Ltd.,343.0,350.50,132.5,158.8679245283019
261,JTEKT India Ltd.,78.65,96.00,34.75,126.33093525179856
262,Jubilant Foodworks Ltd.,2562.25,2567.80,1141.8,124.40444911543179
263,Jubilant Life Sciences Ltd.,697.0,909.75,230.0,203.04347826086956
264,Just Dial Ltd.,620.05,717.40,250.55,147.47555378168028
265,Jyothy Labs Ltd.,135.0,185.00,86.2,56.61252900232018
266,Kajaria Ceramics Ltd.,618.9,623.90,295.4,109.51252538930265
267,Kalpataru Power Transmission Ltd.,302.85,475.65,170.0,78.14705882352942
268,Kansai Nerolac Paints Ltd.,543.8,556.05,296.3,83.53020587242658
269,Karnataka Bank Ltd.,44.15,75.00,34.2,29.09356725146197
270,KEC International Ltd.,342.0,359.15,154.5,121.35922330097087
271,KEI Industries Ltd.,364.0,580.00,208.4,74.6641074856046
272,KNR Constructions Ltd.,273.05,311.05,171.65,59.07369647538596
273,Kotak Mahindra Bank Ltd.,1846.85,1846.85,1000.35,84.62038286599689
274,KPIT Technologies Ltd.,104.45,129.60,34.45,203.1930333817126
275,KPR Mill Ltd.,793.05,840.00,316.9,150.25244556642474
276,KRBL Ltd.,253.0,339.60,91.25,177.26027397260273
277,KSB Ltd.,530.05,764.45,386.4,37.17650103519669
278,L&T Finance Holdings Ltd.,72.8,134.00,46.0,58.26086956521739
279,Larsen & Toubro Infotech Ltd.,3050.5,3515.15,1207.6,152.60847962901624
280,L&T Technology Services Ltd.,1687.5,1879.00,995.0,69.59798994974874
281,La Opala RG Ltd.,214.7,251.60,131.5,63.269961977186306
282,Lakshmi Machine Works Ltd.,4225.0,4331.15,2001.0,111.14442778610693
283,Larsen & Toubro Ltd.,1139.65,1417.50,661.05,72.39996974510251
284,Laurus Labs Ltd.,271.85,345.00,61.9,339.1760904684976
285,Lemon Tree Hotels Ltd.,32.1,65.80,13.8,132.6086956521739
286,LIC Housing Finance Ltd.,323.8,486.40,186.0,74.08602150537635
287,Linde India Ltd.,913.85,942.00,378.0,141.75925925925927
288,Lupin Ltd.,877.2,1121.85,505.0,73.70297029702971
289,Lux Industries Ltd.,1517.0,1680.00,812.8,86.63877952755907
290,Mahindra and Mahindra Ltd.,702.5,709.80,245.8,185.80146460537023
291,Maharashtra Scooters Ltd.,3843.15,4890.10,1815.0,111.74380165289257
292,Maharashtra Seamless Ltd.,242.6,447.40,185.0,31.135135135135133
293,Mahanagar Gas Ltd.,901.05,1246.80,666.4,35.21158463385354
294,Mahindra Holidays and Resorts India Ltd.,185.4,244.70,122.0,51.96721311475411
295,Mahindra Lifespace Developers Ltd.,283.0,428.25,171.2,65.30373831775702
296,Mahindra Logistics Ltd.,398.1,457.90,199.0,100.05025125628141
297,Manappuram Finance Ltd.,164.1,194.60,75.6,117.06349206349206
298,Marico Ltd.,376.15,389.70,233.8,60.885372112917004
299,Maruti Suzuki India Ltd.,7015.7,7566.00,4002.0,75.30484757621188
300,MAS Financial Services Ltd.,1048.5,1269.00,448.05,134.01406093069969
301,Max Financial Services Ltd.,617.45,645.00,279.75,120.71492403932085
302,Multi Commodity Exchange of India Ltd.,1644.45,1875.00,805.05,104.26681572573133
303,Meghmani Organics Ltd.,76.85,85.00,31.8,141.66666666666666
304,Metropolis Healthcare Ltd.,2041.05,2146.50,993.2,105.5024164317358
305,Minda Corporation Ltd.,69.8,122.00,52.6,32.69961977186311
306,Minda Industries Ltd.,373.5,423.71,208.25,79.35174069627851
307,Mindtree Ltd.,1321.0,1605.45,686.2,92.5094724570096
308,Mishra Dhatu Nigam Ltd.,195.0,278.00,135.2,44.23076923076924
309,MMTC Ltd.,18.1,24.35,9.9,82.82828282828284
310,MOIL Ltd.,129.3,170.00,86.8,48.96313364055301
311,Motherson Sumi Systems Ltd.,138.3,151.00,48.5,185.15463917525776
312,Motilal Oswal Financial Services Ltd.,603.05,903.50,426.0,41.56103286384975
313,MphasiS Ltd.,1304.4,1462.90,612.05,113.11984315006947
314,MRF Ltd.,74326.4,74647.95,50000.0,48.65279999999999
315,Mangalore Refinery and Petrochemicals Ltd.,28.0,49.50,21.25,31.76470588235294
316,Muthoot Finance Ltd.,1172.45,1405.00,477.5,145.5392670157068
317,National Aluminium Company Ltd.,36.0,48.80,24.45,47.239263803680984
318,Narayana Hrudayalaya Ltd.,362.3,389.00,210.0,72.52380952380952
319,Natco Pharma Ltd.,889.0,995.05,450.0,97.55555555555556
320,Nava Bharat Ventures Ltd.,48.95,95.20,32.4,51.08024691358026
321,Navin Fluorine International Ltd.,2605.8,2621.00,840.25,210.12198750371914
322,Navneet Education Ltd.,84.25,104.00,45.1,86.8070953436807
323,NBCC (India) Ltd.,24.5,39.65,14.1,73.75886524822695
324,NCC Ltd.,40.35,70.00,15.9,153.77358490566039
325,NESCO Ltd.,513.95,816.90,381.1,34.859616898451854
326,Nestle India Ltd.,16811.8,18301.00,12588.95,33.54410018309707
327,Network 18 Media & Investments Ltd.,35.9,50.05,14.85,141.75084175084174
328,New India Assurance Company Ltd.,114.05,172.00,75.0,52.06666666666666
329,NHPC Ltd.,20.6,29.00,15.15,35.97359735973598
330,Nilkamal Ltd.,1378.55,1544.15,911.0,51.322722283205266
331,Nippon Life India Asset Management Ltd.,299.1,452.95,201.0,48.80597014925374
332,NLC India Ltd.,49.5,62.55,35.05,41.22681883024252
333,NMDC Ltd.,96.8,139.50,62.0,56.12903225806451
334,NOCIL Ltd.,141.95,156.30,44.7,217.56152125279638
335,NTPC Ltd.,88.8,125.00,74.0,19.999999999999996
336,Oberoi Realty Ltd.,454.3,583.55,290.1,56.60117200965183
337,Oil India Ltd.,93.25,169.30,66.0,41.28787878787879
338,Omaxe Ltd.,68.2,222.20,59.6,14.429530201342283
339,Oil and Natural Gas Corporation Ltd.,71.7,136.05,51.8,38.41698841698843
340,Oracle Financial Services Software Ltd.,3112.2,3402.05,1532.5,103.07993474714519
341,Orient Cement Ltd.,72.05,89.70,35.25,104.39716312056737
342,Orient Refractories Ltd.,208.7,268.50,108.5,92.35023041474653
343,Procter and Gamble Hygiene and Health Care Ltd.,10600.0,12450.00,8500.0,24.705882352941178
344,Page Industries Ltd.,22582.1,26891.00,16186.75,39.5097842371075
345,Parag Milk Foods Ltd.,109.5,162.70,48.5,125.77319587628865
346,PC Jeweller Ltd.,15.75,33.15,7.8,101.92307692307693
347,Persistent Systems Ltd.,1136.4,1389.95,420.0,170.57142857142858
348,Petronet LNG Ltd.,261.35,284.30,170.75,53.060029282576885
349,Pfizer Ltd.,4910.0,5875.00,3588.15,36.83931831166478
350,Phillips Carbon Black Ltd.,154.8,159.90,54.2,185.60885608856088
351,Phoenix Mills Ltd.,657.9,979.50,466.25,41.10455764075066
352,PI Industries Ltd.,2399.4,2430.00,973.7,146.42086885077538
353,Pidilite Industries Ltd.,1567.45,1709.85,1186.05,32.157160322077495
354,Piramal Enterprises Ltd.,1421.55,1861.55,608.0,133.80756578947367
355,Punjab National Bank,30.85,67.75,26.3,17.300380228136884
356,PNB Housing Finance Ltd.,388.2,579.25,146.0,165.8904109589041
357,PNC Infratech Ltd.,163.0,214.75,80.85,101.60791589363018
358,Polycab India Ltd.,926.1,1180.00,571.7,61.99055448661884
359,Power Finance Corporation Ltd.,104.95,133.30,74.2,41.44204851752021
360,Power Grid Corporation of India Ltd.,186.05,211.10,129.75,43.391136801541435
361,Prestige Estates Projects Ltd.,264.0,426.15,133.85,97.23571161748227
362,Prism Johnson Ltd.,82.95,87.00,25.8,221.51162790697674
363,Procter & Gamble Health Ltd.,5880.0,6190.00,2927.8,100.83339025889745
364,PTC India Ltd.,54.1,68.45,32.4,66.97530864197532
365,PVR Ltd.,1302.1,2082.75,706.52,84.29768442506933
366,Quess Corp Ltd.,404.0,639.05,165.4,144.25634824667472
367,Radico Khaitan Ltd.,453.4,471.75,220.0,106.09090909090908
368,Rail Vikas Nigam Ltd.,19.0,29.30,10.2,86.27450980392159
369,Rain Industries Ltd.,111.5,128.90,44.9,148.3296213808463
370,Rajesh Exports Ltd.,460.0,802.00,440.8,4.355716878402901
371,Rallis India Ltd.,247.0,340.00,127.1,94.3351691581432
372,The Ramco Cements Ltd.,867.25,883.30,456.5,89.97809419496167
373,Rashtriya Chemicals and Fertilisers Ltd.,45.5,59.80,22.05,106.34920634920636
374,Ratnamani Metals and Tubes Ltd.,1527.9,1599.00,715.55,113.5280553420446
375,Raymond Ltd.,304.05,772.00,209.5,45.131264916467785
376,RBL Bank Ltd.,221.7,391.05,101.6,118.20866141732284
377,REC Ltd.,116.2,157.25,79.0,47.08860759493671
378,Redington (India) Ltd.,134.75,139.85,60.0,124.58333333333333
379,Relaxo Footwears Ltd.,742.35,830.15,493.05,50.56282324307879
380,Reliance Industries Ltd.,1969.6,2368.80,867.45,127.05631448498471
381,Repco Home Finance Ltd.,243.1,365.50,90.75,167.87878787878788
382,RITES Ltd.,253.45,331.00,191.0,32.69633507853403
383,S H Kelkar & Company Ltd.,129.2,138.35,47.6,171.42857142857142
384,Steel Authority of India Ltd.,40.0,51.85,20.15,98.51116625310176
385,Sanofi India Ltd.,8009.95,8999.00,5900.05,35.76071389225514
386,State Bank of India,247.9,351.00,149.55,65.76395854229354
387,SBI Life Insurance Company Ltd.,850.0,1019.65,520.0,63.46153846153846
388,Schaeffler India Ltd.,3800.0,4950.00,3044.1,24.831641536086202
389,Schneider Electric Infrastructure Ltd.,83.75,113.90,58.0,44.396551724137936
390,Sheela Foam Ltd.,1371.75,1770.00,1101.0,24.591280653950953
391,Shilpa Medicare Ltd.,424.0,692.45,240.3,76.44610903037868
392,Shipping Corporation of India Ltd.,52.65,69.80,31.65,66.35071090047394
393,Shoppers Stop Ltd.,193.5,446.60,131.35,47.31633041492197
394,Shree Cements Ltd.,23883.05,25341.20,15500.0,54.08419354838709
395,Shriram City Union Finance Ltd.,962.05,1571.65,617.0,55.92382495948135
396,Shriram Transport Finance Corporation Ltd.,917.5,1331.80,428.7,114.01912759505481
397,Siemens Ltd.,1409.1,1640.00,947.0,48.7961985216473
398,Security & Intelligence Services India Ltd.,381.2,555.50,313.65,21.5367447792125
399,SJVN Ltd.,22.4,27.30,17.15,30.612244897959183
400,SKF India Ltd.,1591.0,2313.00,1237.5,28.565656565656568
401,Sobha Ltd.,314.75,463.30,117.9,166.9635284139101
402,Solar Industries India Ltd.,995.95,1350.00,772.05,29.000712389093984
403,Somany Ceramics Ltd.,261.5,268.40,77.0,239.6103896103896
404,Sonata Software Ltd.,340.05,378.30,148.1,129.6083727211344
405,South Indian Bank Ltd.,6.67,11.47,4.85,37.5257731958763
406,SpiceJet Ltd.,64.65,120.00,30.8,109.90259740259742
407,SRF Ltd.,5027.0,5185.00,2492.2,101.70933311933233
408,Star Cement Ltd.,87.5,102.50,56.0,56.25
409,Sterlite Technologies Ltd.,146.0,174.75,59.8,144.14715719063545
410,Strides Pharma Science Ltd.,670.8,764.60,271.0,147.52767527675275
411,Sudarshan Chemical Industries Ltd.,453.0,538.00,286.25,58.25327510917031
412,SUMITOMO CHEMICAL INDIA LIMITE Ltd.,279.1,317.45,0.0,27910.000000000004
413,Sun Pharmaceutical Industries Ltd.,512.25,564.90,315.2,62.515862944162436
414,Sun Pharma Advanced Research Company Ltd.,166.75,210.70,81.0,105.8641975308642
415,Sun TV Network Ltd.,417.85,515.65,259.8,60.83525789068515
416,Sundram Fasteners Ltd.,507.6,533.00,249.0,103.855421686747
417,Sunteck Realty Ltd.,268.5,457.70,145.0,85.17241379310346
418,Suprajit Engineering Ltd.,189.0,220.00,100.0,89.0
419,Supreme Industries Ltd.,1495.95,1512.55,791.15,89.08550843708527
420,Suzlon Energy Ltd.,3.67,6.19,1.65,122.42424242424244
421,Swan Energy Ltd.,134.0,158.30,97.0,38.144329896907216
422,Symphony Ltd.,841.95,1407.35,690.0,22.02173913043479
423,Syngene International Ltd.,574.0,596.85,201.65,184.6516241011654
424,Tamil Nadu Newsprint and Papers Ltd.,107.0,198.70,85.0,25.882352941176475
425,Tasty Bite Eatables Ltd.,11167.4,13747.10,7442.55,50.04803461179299
426,Tata Chemicals Ltd.,328.4,345.80,197.4,66.3627152988855
427,Tata Coffee Ltd.,103.0,119.80,47.1,118.68365180467092
428,Tata Communications Ltd.,987.6,1063.85,205.7,380.11667476908127
429,TATA Consumer Products Ltd.,518.95,591.75,214.0,142.50000000000003
430,Tata Elxsi Ltd.,1546.4,1709.90,501.0,208.66267465069862
431,Tata Investment Corporation Ltd.,888.25,1025.00,592.15,50.00422190323398
432,Tata Metaliks Ltd.,566.0,688.00,311.4,81.75979447655749
433,Tata Motors Ltd.,172.0,201.80,63.6,170.44025157232704
434,Tata Power Company Ltd.,60.95,63.45,27.0,125.74074074074075
435,Tata Steel Ltd.,515.8,530.80,250.9,105.57991231566359
436,TCNS Clothing Co Ltd.,407.3,749.50,300.4,35.585885486018654
437,Tata Consultancy Services Ltd.,2621.1,2885.00,1504.4,74.22892847646901
438,TeamLease Services Ltd.,2429.15,2908.00,1421.35,70.90442185246422
439,Tech Mahindra Ltd.,833.8,887.50,470.25,77.30994152046783
440,Thermax Ltd.,816.0,1119.00,644.0,26.70807453416149
441,Thyrocare Technologies Ltd.,1013.2,1212.00,410.0,147.12195121951223
442,Time Technoplast Ltd.,42.5,63.50,22.75,86.81318681318682
443,Timken India Ltd.,1134.2,1228.90,650.0,74.4923076923077
444,Titan Company Ltd.,1271.5,1340.60,720.0,76.59722222222223
445,TATA MOTORS LTD - DVR Ltd.,73.2,84.40,28.35,158.2010582010582
446,Torrent Pharmaceuticals Ltd.,2652.0,3040.00,1619.0,63.80481778875849
447,Torrent Power Ltd.,304.5,368.75,239.65,27.060296265387016
448,Trent Ltd.,746.9,804.05,367.55,103.21044755815534
449,Trident Ltd.,7.54,8.57,3.05,147.21311475409837
450,TTK Prestige Ltd.,5829.95,6560.15,3918.05,48.797233317594205
451,TV Today Network Ltd.,201.0,304.10,128.35,56.60303856641995
452,TV18 Broadcast Ltd.,29.3,41.70,11.85,147.25738396624476
453,TVS Motor Company Ltd.,479.75,499.45,240.1,99.81257809246148
454,TVS Srichakra Ltd.,1567.05,1887.00,760.0,106.1907894736842
455,UCO Bank,11.81,22.20,8.4,40.595238095238095
456,Uflex Ltd.,353.85,376.80,119.95,194.9979157982493
457,Ujjivan Financial Services Ltd.,254.8,415.40,124.55,104.57647531112005
458,UltraTech Cement Ltd.,4910.7,4977.35,2913.15,68.57010452602852
459,Union Bank of India,25.4,65.70,22.6,12.389380530973439
460,United Breweries Ltd.,1036.35,1355.90,758.75,36.58649093904447
461,UPL Ltd.,424.95,614.80,240.3,76.84144818976279
462,V-Guard Industries Ltd.,172.15,239.55,149.0,15.536912751677857
463,V-Mart Retail Ltd.,1996.2,2545.00,1293.7,54.3016155213728
464,Va Tech Wabag Ltd.,193.6,236.45,73.0,165.2054794520548
465,Vaibhav Global Ltd.,2104.85,2122.00,490.0,329.5612244897959
466,Vakrangee Ltd.,27.15,55.50,17.1,58.77192982456138
467,Vardhman Textiles Ltd.,855.0,1104.95,592.9,44.20644290774162
468,Varroc Engineering Ltd.,299.05,525.00,119.2,150.88087248322148
469,Varun Beverages Ltd.,778.0,869.95,485.05,60.395835480878254
470,Vedanta Ltd.,108.3,166.05,60.3,79.60199004975125
471,Venkys Ltd.,1624.0,1879.00,580.0,180.0
472,Vinati Organics Ltd.,1123.95,1417.95,651.0,72.64976958525347
473,VIP Industries Ltd.,345.9,519.90,187.95,84.03830806065443
474,Vodafone Idea Ltd.,9.18,13.45,2.83,224.38162544169612
475,Voltas Ltd.,772.55,803.00,428.0,80.50233644859813
476,VRL Logistics Ltd.,187.95,295.65,120.5,55.97510373443983
477,VST Industries Ltd.,3607.0,4856.45,2550.0,41.45098039215686
478,WABCO India Ltd.,5986.05,7622.95,4770.15,25.489764472815335
479,Welspun Corp Ltd.,109.85,233.70,55.0,99.72727272727272
480,Welspun India Ltd.,68.05,78.00,18.3,271.85792349726773
481,Westlife Development Ltd.,383.9,499.90,271.25,41.52995391705068
482,Whirlpool of India. Ltd.,2081.25,2570.00,1343.0,54.97021593447505
483,Wipro Ltd.,342.2,381.70,159.6,114.4110275689223
484,Wockhardt Ltd.,320.5,411.60,147.2,117.73097826086958
485,Zee Entertainment Enterprises Ltd.,188.0,362.50,114.0,64.91228070175438
486,Zensar Technologies Ltd.,203.0,211.90,63.7,218.68131868131871
487,Zydus Wellness Ltd.,1827.15,1950.00,1070.0,70.76168224299066
